{"schemaVersion":"1.0","appDefinitionTemplate":{"id":"/providers/Microsoft.PowerApps/apps/","type":"Microsoft.PowerApps/apps","tags":{"primaryDeviceWidth":"640","primaryDeviceHeight":"1136","sienaVersion":"20201118T064759Z-3.20111.44.0","deviceCapabilities":"","supportsPortrait":"true","supportsLandscape":"false","primaryFormFactor":"Phone","publisherVersion":"3.20111.44","minimumRequiredApiVersion":"2.2.0","hasComponent":"true","hasUnlockedComponent":"true","isUnifiedRootApp":"false"},"properties":{"appVersion":"2020-11-18T06:47:59Z","lifeCycleId":"Published","createdByClientVersion":{"major":3,"minor":20111,"build":44,"revision":0,"majorRevision":0,"minorRevision":0},"minClientVersion":{"major":3,"minor":20111,"build":44,"revision":0,"majorRevision":0,"minorRevision":0},"backgroundColor":"rgba(0, 176, 240, 1)","backgroundImageUri":"/13304274832031164771/N8ce106df-9657-4791-a684-d1df0bf59b4b-logoSmallFile","displayName":"IPXL - eshop nesting v3","description":"","commitMessage":"","appUris":{"documentUri":{"value":"/13304274832031164771/N583de856-ad5f-49ed-a0c8-f853cef692ca-document.msapp"},"imageUris":[]},"createdTime":"0001-01-01T00:00:00Z","lastModifiedTime":"0001-01-01T00:00:00Z","sharedGroupsCount":0,"sharedUsersCount":0,"icons":{"smallIconUri":"/13304274832031164771/Na83ffc57-d654-4b2b-b8a9-87c550a00744-small.png","mediumIconUri":"/13304274832031164771/N93818618-9eb1-41c1-b0a5-9422801e6f20-medium.png","largeIconUri":"/13304274832031164771/N0cfd118b-f780-4740-88d2-b10c96d2ba05-large.png","wideIconUri":"/13304274832031164771/N77a01c46-68ed-4f1a-a731-2677daac70a4-wide.png"},"connectionReferences":{"22f9ffc1-c9bd-4de0-a3f2-4b82baecc69c":{"id":"c1b94982-e0c8-41c1-8d45-c903dbc0760f","displayName":"SharePoint","iconUri":"https://connectoricons-prod.azureedge.net/releases/v1.0.1416/1.0.1416.2232/sharepointonline/icon.png","dataSources":["Palletlist","In pallet"],"dependencies":[],"dependents":["52709e93-c6cd-434f-b1e1-95ae62dd61e5","4c99b85c-da91-4d63-9578-e73f5587008a","b28090e9-b334-4d57-b4b2-759f20bb2b39","64cc76fb-0f8e-43be-bc49-7437370bf2cb"],"parameterHints":{},"isOnPremiseConnection":false,"bypassConsent":false,"dataSets":{"https://asweu.sharepoint.com/sites/fs-en-IPXL-eCom-auxo":{"dataSources":{"Palletlist":{"tableName":"8b998238-a106-4061-bdd3-b47591a98227"},"In pallet":{"tableName":"7942c2c6-56b8-4c57-9dd1-538ea528396e"}}}},"apiTier":"Standard","isCustomApiConnection":false},"6bbb5437-33ce-4cf9-b438-7670d446016b":{"id":"23dfaafa-5a5e-4f71-aeee-e8d830f149b8","displayName":"Logic flows","iconUri":"https://resourcestackdeploy.blob.core.windows.net/scripts/13276078.png","dataSources":["PowerAppsbutton"],"dependencies":["6b000690-544e-48c8-8619-c1478f758643","3dbc3c46-b964-4450-8091-95b04b8dc34a"],"dependents":[],"parameterHints":{"workflowName":{"value":"f734d76f-9baa-4c69-a973-1471de2520d0"},"6b000690-544e-48c8-8619-c1478f758643":{"value":"shared_office365"},"3dbc3c46-b964-4450-8091-95b04b8dc34a":{"value":"shared_office365users"}},"isOnPremiseConnection":false,"bypassConsent":false,"dataSets":{},"apiTier":"Standard","isCustomApiConnection":false},"6b000690-544e-48c8-8619-c1478f758643":{"id":"ef3015b4-f35f-4275-8795-08752579c4ef","displayName":"Office 365 Outlook","iconUri":"https://connectoricons-prod.azureedge.net/releases/v1.0.1411/1.0.1411.2206/office365/icon.png","dataSources":[],"dependencies":[],"dependents":["6bbb5437-33ce-4cf9-b438-7670d446016b"],"parameterHints":{},"isOnPremiseConnection":false,"bypassConsent":false,"dataSets":{},"apiTier":"Standard","isCustomApiConnection":false},"3dbc3c46-b964-4450-8091-95b04b8dc34a":{"id":"96af706f-d3bb-4594-87c0-a0b1091b8e84","displayName":"Office 365-gebruikers","iconUri":"https://connectoricons-prod.azureedge.net/releases/v1.0.1411/1.0.1411.2206/office365users/icon.png","dataSources":[],"dependencies":[],"dependents":["6bbb5437-33ce-4cf9-b438-7670d446016b"],"parameterHints":{},"isOnPremiseConnection":false,"bypassConsent":false,"dataSets":{},"apiTier":"Standard","isCustomApiConnection":false},"52709e93-c6cd-434f-b1e1-95ae62dd61e5":{"id":"23dfaafa-5a5e-4f71-aeee-e8d830f149b8","displayName":"Logic flows","iconUri":"https://resourcestackdeploy.blob.core.windows.net/scripts/13276078.png","dataSources":["AddanitemtoSharePointandsendanemail"],"dependencies":["22f9ffc1-c9bd-4de0-a3f2-4b82baecc69c"],"dependents":[],"parameterHints":{"workflowName":{"value":"e1faae64-9b85-4606-9611-8e8271e7785c"},"22f9ffc1-c9bd-4de0-a3f2-4b82baecc69c":{"value":"shared_sharepointonline"}},"isOnPremiseConnection":false,"bypassConsent":false,"dataSets":{},"apiTier":"Standard","isCustomApiConnection":false},"4c99b85c-da91-4d63-9578-e73f5587008a":{"id":"23dfaafa-5a5e-4f71-aeee-e8d830f149b8","displayName":"Logic flows","iconUri":"https://resourcestackdeploy.blob.core.windows.net/scripts/13276078.png","dataSources":["PowerAppsbutton-2","PowerAppsbutton-2_1"],"dependencies":["22f9ffc1-c9bd-4de0-a3f2-4b82baecc69c"],"dependents":[],"parameterHints":{"workflowName":{"value":"c5aba889-7d0e-474e-90d2-2bcf84337344"},"22f9ffc1-c9bd-4de0-a3f2-4b82baecc69c":{"value":"shared_sharepointonline"}},"isOnPremiseConnection":false,"bypassConsent":false,"dataSets":{},"apiTier":"Standard","isCustomApiConnection":false},"b28090e9-b334-4d57-b4b2-759f20bb2b39":{"id":"23dfaafa-5a5e-4f71-aeee-e8d830f149b8","displayName":"Logic flows","iconUri":"https://resourcestackdeploy.blob.core.windows.net/scripts/13276078.png","dataSources":["Closeoutsidepallet_1","Closeoutsidepallet"],"dependencies":["22f9ffc1-c9bd-4de0-a3f2-4b82baecc69c"],"dependents":[],"parameterHints":{"workflowName":{"value":"f8460588-60d1-4b91-8163-c79df4322350"},"22f9ffc1-c9bd-4de0-a3f2-4b82baecc69c":{"value":"shared_sharepointonline"}},"isOnPremiseConnection":false,"bypassConsent":false,"dataSets":{},"apiTier":"Standard","isCustomApiConnection":false},"434536df-9996-40e5-96ba-f4b4f0a159d6":{"id":"23dfaafa-5a5e-4f71-aeee-e8d830f149b8","displayName":"Logic flows","iconUri":"https://resourcestackdeploy.blob.core.windows.net/scripts/13276078.png","dataSources":["PowerAppsbutton-2_2"],"dependencies":["6bb84096-f3cd-41cb-ada8-c1bcace3cb2c"],"dependents":[],"parameterHints":{"workflowName":{"value":"3d0b22fc-92a0-4b45-850b-49b623ad3f80"},"6bb84096-f3cd-41cb-ada8-c1bcace3cb2c":{"value":"shared_onedriveforbusiness_1"}},"isOnPremiseConnection":false,"bypassConsent":false,"dataSets":{},"apiTier":"Standard","isCustomApiConnection":false,"actions":["Run"]},"6bb84096-f3cd-41cb-ada8-c1bcace3cb2c":{"id":"e4dae57e-2e96-4cb0-8364-194ff8bf5521","displayName":"OneDrive voor Bedrijven","iconUri":"https://connectoricons-prod.azureedge.net/releases/v1.0.1407/1.0.1407.2182/onedriveforbusiness/icon.png","dataSources":[],"dependencies":[],"dependents":["434536df-9996-40e5-96ba-f4b4f0a159d6","64cc76fb-0f8e-43be-bc49-7437370bf2cb"],"parameterHints":{},"isOnPremiseConnection":false,"bypassConsent":false,"dataSets":{},"apiTier":"Standard","isCustomApiConnection":false},"7ebd7774-dab2-42a4-a60d-2b18aaf18efd":{"id":"23dfaafa-5a5e-4f71-aeee-e8d830f149b8","displayName":"Logic flows","iconUri":"https://resourcestackdeploy.blob.core.windows.net/scripts/13276078.png","dataSources":["exportlabeltopdf-2"],"dependencies":["01002f34-4fc8-45f0-9762-4c4a7a18bc2a"],"dependents":[],"parameterHints":{"workflowName":{"value":"ff290091-76a1-4965-8766-9c9c7e957b29"},"01002f34-4fc8-45f0-9762-4c4a7a18bc2a":{"value":"shared_onedriveforbusiness"}},"isOnPremiseConnection":false,"bypassConsent":false,"dataSets":{},"apiTier":"Standard","isCustomApiConnection":false,"actions":["Run"]},"01002f34-4fc8-45f0-9762-4c4a7a18bc2a":{"id":"e4dae57e-2e96-4cb0-8364-194ff8bf5521","displayName":"OneDrive voor Bedrijven","iconUri":"https://connectoricons-prod.azureedge.net/releases/v1.0.1407/1.0.1407.2182/onedriveforbusiness/icon.png","dataSources":[],"dependencies":[],"dependents":["7ebd7774-dab2-42a4-a60d-2b18aaf18efd"],"parameterHints":{},"isOnPremiseConnection":false,"bypassConsent":false,"dataSets":{},"apiTier":"Standard","isCustomApiConnection":false},"64cc76fb-0f8e-43be-bc49-7437370bf2cb":{"id":"23dfaafa-5a5e-4f71-aeee-e8d830f149b8","displayName":"Logic flows","iconUri":"https://resourcestackdeploy.blob.core.windows.net/scripts/13276078.png","dataSources":["Closeoutsidepallet*"],"dependencies":["22f9ffc1-c9bd-4de0-a3f2-4b82baecc69c","6bb84096-f3cd-41cb-ada8-c1bcace3cb2c"],"dependents":[],"parameterHints":{"workflowName":{"value":"a3d04a09-c833-452f-a26a-28e81b2891de"},"22f9ffc1-c9bd-4de0-a3f2-4b82baecc69c":{"value":"shared_sharepointonline"},"6bb84096-f3cd-41cb-ada8-c1bcace3cb2c":{"value":"shared_onedriveforbusiness"}},"isOnPremiseConnection":false,"bypassConsent":false,"dataSets":{},"apiTier":"Standard","isCustomApiConnection":false,"actions":["Run"]}},"databaseReferences":{},"almMode":"Environment","performanceOptimizationEnabled":true,"canConsumeAppPass":true,"executionRestrictions":{"isTeamsOnly":false,"dataLossPreventionEvaluationResult":{"status":"Compliant","lastEvaluationDate":"2020-11-04T08:01:16.3379406Z","violationDetails":[]}}},"isAppComponentLibrary":false,"appType":"ClassicCanvasApp","appComponents":[]}}