{"name":"54da22f6-4d3c-44e6-9b4e-6b251157652c","id":"/providers/Microsoft.Flow/flows/54da22f6-4d3c-44e6-9b4e-6b251157652c","type":"Microsoft.Flow/flows","properties":{"apiId":"/providers/Microsoft.PowerApps/apis/shared_logicflows","displayName":"export label to pdf","definition":{"metadata":{"workflowEntityId":null,"creator":{"id":"9ebc446f-1172-4f72-8098-9b9115dd707a","type":"User","tenantId":"977a78f9-ccbb-4641-83d5-8256ba909cea"},"provisioningMethod":"FromDefinition","failureAlertSubscription":true,"clientLastModifiedTime":"2020-06-23T05:09:24.8574875Z"},"$schema":"https://schema.management.azure.com/providers/Microsoft.Logic/schemas/2016-06-01/workflowdefinition.json#","contentVersion":"1.0.0.0","parameters":{"$connections":{"defaultValue":{},"type":"Object"},"$authentication":{"defaultValue":{},"type":"SecureObject"}},"triggers":{"manual":{"type":"Request","kind":"PowerApp","inputs":{"schema":{"type":"object","properties":{"Createfile_FileName":{"type":"string","description":"The name of the file. Certain characters are disallowed by OneDrive and will be replaced by underscores.","x-ms-powerflows-param-ispartial":false},"Createfile_FileContent":{"type":"string","format":"binary","description":"The content of the file.","x-ms-powerflows-param-ispartial":false}},"required":["Createfile_FileName","Createfile_FileContent"]}}}},"actions":{"create_html":{"runAfter":{},"metadata":{"flowSystemMetadata":{"swaggerOperationId":"CreateFile"}},"type":"ApiConnection","inputs":{"host":{"connection":{"name":"@json(decodeBase64(triggerOutputs().headers['X-MS-APIM-Tokens']))['$connections']['shared_onedriveforbusiness_1']['connectionId']"},"api":{"runtimeUrl":"https://flow-apim-europe-001-westeurope-01.azure-apim.net/apim/onedriveforbusiness"}},"method":"post","body":"@triggerBody()['Createfile_FileContent']","path":"/datasets/default/files","queries":{"folderPath":"/Auxo - dump pdf files","name":"@triggerBody()['Createfile_FileName']"},"authentication":{"type":"Raw","value":"@json(decodeBase64(triggerOutputs().headers['X-MS-APIM-Tokens']))['$ConnectionKey']"}},"runtimeConfiguration":{"contentTransfer":{"transferMode":"Chunked"}}},"convert_to_pdf":{"runAfter":{"create_html":["Succeeded"]},"metadata":{"flowSystemMetadata":{"swaggerOperationId":"ConvertFile"}},"type":"ApiConnection","inputs":{"host":{"connection":{"name":"@json(decodeBase64(triggerOutputs().headers['X-MS-APIM-Tokens']))['$connections']['shared_onedriveforbusiness_1']['connectionId']"},"api":{"runtimeUrl":"https://flow-apim-europe-001-westeurope-01.azure-apim.net/apim/onedriveforbusiness"}},"method":"get","path":"/datasets/default/files/@{encodeURIComponent(encodeURIComponent(body('create_html')?['Id']))}/convert","queries":{"type":"JPG"},"authentication":{"type":"Raw","value":"@json(decodeBase64(triggerOutputs().headers['X-MS-APIM-Tokens']))['$ConnectionKey']"}}},"Create_file":{"runAfter":{"convert_to_pdf":["Succeeded"]},"metadata":{"flowSystemMetadata":{"swaggerOperationId":"CreateFile"}},"type":"ApiConnection","inputs":{"host":{"connection":{"name":"@json(decodeBase64(triggerOutputs().headers['X-MS-APIM-Tokens']))['$connections']['shared_onedriveforbusiness_1']['connectionId']"},"api":{"runtimeUrl":"https://flow-apim-europe-001-westeurope-01.azure-apim.net/apim/onedriveforbusiness"}},"method":"post","body":"@body('convert_to_pdf')","path":"/datasets/default/files","queries":{"folderPath":"/Auxo - dump pdf files","name":"@base64ToString(outputs('convert_to_pdf')['headers']['x-ms-file-name'])"},"authentication":{"type":"Raw","value":"@json(decodeBase64(triggerOutputs().headers['X-MS-APIM-Tokens']))['$ConnectionKey']"}},"runtimeConfiguration":{"contentTransfer":{"transferMode":"Chunked"}}}},"outputs":{},"description":"Create one or more actions to happen when a button or link in PowerApps is selected. To use this flow from a PowerApp, select the control you want to trigger the flow and go to the Action tab in the PowerApps ribbon and select Flows."},"connectionReferences":{"shared_onedriveforbusiness_1":{"connectionName":"shared-onedriveforbu-4fa0499e-3d1b-46b7-b2cf-5451b19b75b8","source":"Invoker","id":"/providers/Microsoft.PowerApps/apis/shared_onedriveforbusiness","tier":"NotSpecified"}},"flowFailureAlertSubscribed":false}}