{"name":"b4fb08b8-4b59-4efa-802e-9a4ef010a990","id":"/providers/Microsoft.Flow/flows/b4fb08b8-4b59-4efa-802e-9a4ef010a990","type":"Microsoft.Flow/flows","properties":{"apiId":"/providers/Microsoft.PowerApps/apis/shared_logicflows","displayName":"export label to pdf","definition":{"metadata":{"workflowEntityId":null,"flowclientsuspensionreason":"NeverTriggeringDetected","flowclientsuspensiontime":"2020-11-19T05:18:29.5294431Z","creator":{"id":"9ebc446f-1172-4f72-8098-9b9115dd707a","type":"User","tenantId":"977a78f9-ccbb-4641-83d5-8256ba909cea"},"provisioningMethod":"FromDefinition","failureAlertSubscription":true,"clientLastModifiedTime":"2020-08-19T06:37:40.7856558Z"},"$schema":"https://schema.management.azure.com/providers/Microsoft.Logic/schemas/2016-06-01/workflowdefinition.json#","contentVersion":"1.0.0.0","parameters":{"$connections":{"defaultValue":{},"type":"Object"},"$authentication":{"defaultValue":{},"type":"SecureObject"}},"triggers":{"manual":{"type":"Request","kind":"PowerApp","inputs":{"schema":{"type":"object","properties":{"UploadfilefromURL_SourceURL":{"type":"string","description":"The url to the source file.","x-ms-powerflows-param-ispartial":false},"UploadfilefromURL_DestinationFilePath":{"type":"string","description":"The destination file path, including target filename.. This parameter is used as part of \"D5CBEBF9-0E60-4690-840C-F6849DB5DD33\"","x-ms-powerflows-param-ispartial":true}},"required":["UploadfilefromURL_SourceURL","UploadfilefromURL_DestinationFilePath"]}}}},"actions":{"Upload_file_from_URL":{"runAfter":{},"metadata":{"flowSystemMetadata":{"swaggerOperationId":"CopyFile"}},"type":"ApiConnection","inputs":{"host":{"connection":{"name":"@json(decodeBase64(triggerOutputs().headers['X-MS-APIM-Tokens']))['$connections']['shared_onedriveforbusiness']['connectionId']"},"api":{"runtimeUrl":"https://flow-apim-europe-001-westeurope-01.azure-apim.net/apim/onedriveforbusiness"}},"method":"post","path":"/datasets/default/copyFile","queries":{"source":"@triggerBody()['UploadfilefromURL_SourceURL']","destination":"/Auxo - dump pdf files/@{triggerBody()['UploadfilefromURL_DestinationFilePath']}.png","overwrite":true},"authentication":{"type":"Raw","value":"@json(decodeBase64(triggerOutputs().headers['X-MS-APIM-Tokens']))['$ConnectionKey']"}}},"Initialize_variable":{"runAfter":{"Get_file_content_using_path":["Succeeded"]},"type":"InitializeVariable","inputs":{"variables":[{"name":"label","type":"string","value":"@{dataUri(body('Get_file_content_using_path'))}"}]}},"Create_file_2":{"runAfter":{"Initialize_variable":["Succeeded"]},"metadata":{"flowSystemMetadata":{"swaggerOperationId":"CreateFile"}},"type":"ApiConnection","inputs":{"host":{"connection":{"name":"@json(decodeBase64(triggerOutputs().headers['X-MS-APIM-Tokens']))['$connections']['shared_onedriveforbusiness']['connectionId']"},"api":{"runtimeUrl":"https://flow-apim-europe-001-westeurope-01.azure-apim.net/apim/onedriveforbusiness"}},"method":"post","body":"@concat('<!DOCTYPE html>\r\n<html>\r\n<style>\r\ntable {\r\n  font-family: arial, sans-serif;\r\n  border-collapse: collapse;\r\n  width: 100%;\r\n}\r\n\r\n\r\ntr:nth-child(even) {\r\n  background-color: #dddddd;\r\n}\r\nimg {\r\n    display: block;\r\n    margin-left: 70;\r\n    margin-right: 70;\r\n}\r\n\r\n\r\nimg\r\n{\r\n    max-width: 40%;\r\n    max-height: 40%;\r\n    display: block;\r\n    margin: auto auto;\r\n}\r\n\r\n.outer\r\n{\r\n    border: 1px solid #888;\r\n    width: 50px;\r\n    height: 50px;\r\n}\r\n\r\n.inner\r\n{\r\n    display:table-cell;\r\n    height: 50px;\r\n    width: 50px;\r\n    vertical-align: middle;\r\n}\r\n\r\n\r\n</style>\r\n<table>\r\n\t<tr>\r\n    <th>\r\n    <p style=\"text-align:left;\">\r\n    FROM:\r\n    <BR>PARBELUX N.V.\r\n    <BR>EMMANUELLLAAN z/n\r\n    <BR>1830 MACHELEN\r\n    <BR>BELGIE\r\n\t</p>\r\n\t</th>\r\n    <th>\r\n    <p style=\"text-align:right;\">\r\n    TO:\r\n    <BR>street\r\n    <BR>postal\r\n    </p>\r\n    </th>\r\n    </tr>\r\n</table>\r\n\r\n<body>\r\n\r\n<hr class=\"rounded\">\r\n\r\n<section>\r\n<br>\r\n<br>\r\n<br>\r\n<br>\r\n\r\nNumber of parcels:\r\n<br>\r\nDate: \r\n\r\n\r\n</section>\r\n\r\n<section>\r\n<p>\r\n</p>\r\n</section>\r\n\r\n\r\n                        <img src=\"', variables('label') ,'\" width=\"256\" height=\"128\">\r\n\r\n\r\n</body>\r\n</html>')","path":"/datasets/default/files","queries":{"folderPath":"/Auxo - dump pdf files","name":"test3.HTML"},"authentication":{"type":"Raw","value":"@json(decodeBase64(triggerOutputs().headers['X-MS-APIM-Tokens']))['$ConnectionKey']"}},"runtimeConfiguration":{"contentTransfer":{"transferMode":"Chunked"}}},"Get_file_content_using_path":{"runAfter":{"Upload_file_from_URL":["Succeeded"]},"metadata":{"flowSystemMetadata":{"swaggerOperationId":"GetFileContentByPath"}},"type":"ApiConnection","inputs":{"host":{"connection":{"name":"@json(decodeBase64(triggerOutputs().headers['X-MS-APIM-Tokens']))['$connections']['shared_onedriveforbusiness']['connectionId']"},"api":{"runtimeUrl":"https://flow-apim-europe-001-westeurope-01.azure-apim.net/apim/onedriveforbusiness"}},"method":"get","path":"/datasets/default/GetFileContentByPath","queries":{"path":"@body('Upload_file_from_URL')?['Path']","inferContentType":true},"authentication":{"type":"Raw","value":"@json(decodeBase64(triggerOutputs().headers['X-MS-APIM-Tokens']))['$ConnectionKey']"}}},"Convert_file":{"runAfter":{"Create_file_2":["Succeeded"]},"metadata":{"flowSystemMetadata":{"swaggerOperationId":"ConvertFile"}},"type":"ApiConnection","inputs":{"host":{"connection":{"name":"@json(decodeBase64(triggerOutputs().headers['X-MS-APIM-Tokens']))['$connections']['shared_onedriveforbusiness']['connectionId']"},"api":{"runtimeUrl":"https://flow-apim-europe-001-westeurope-01.azure-apim.net/apim/onedriveforbusiness"}},"method":"get","path":"/datasets/default/files/@{encodeURIComponent(encodeURIComponent(body('Create_file_2')?['Id']))}/convert","queries":{"type":"PDF"},"authentication":{"type":"Raw","value":"@json(decodeBase64(triggerOutputs().headers['X-MS-APIM-Tokens']))['$ConnectionKey']"}}},"Create_file":{"runAfter":{"Convert_file":["Succeeded"]},"metadata":{"flowSystemMetadata":{"swaggerOperationId":"CreateFile"}},"type":"ApiConnection","inputs":{"host":{"connection":{"name":"@json(decodeBase64(triggerOutputs().headers['X-MS-APIM-Tokens']))['$connections']['shared_onedriveforbusiness']['connectionId']"},"api":{"runtimeUrl":"https://flow-apim-europe-001-westeurope-01.azure-apim.net/apim/onedriveforbusiness"}},"method":"post","body":"@body('Convert_file')","path":"/datasets/default/files","queries":{"folderPath":"/Auxo - dump pdf files","name":"testPDF.pdf"},"authentication":{"type":"Raw","value":"@json(decodeBase64(triggerOutputs().headers['X-MS-APIM-Tokens']))['$ConnectionKey']"}},"runtimeConfiguration":{"contentTransfer":{"transferMode":"Chunked"}}}}},"connectionReferences":{"shared_onedriveforbusiness":{"connectionName":"shared-onedriveforbu-4fa0499e-3d1b-46b7-b2cf-5451b19b75b8","source":"Invoker","id":"/providers/Microsoft.PowerApps/apis/shared_onedriveforbusiness","tier":"NotSpecified"}},"flowFailureAlertSubscribed":false}}