{"name":"0d1fc67e-7de4-491b-9ec9-cdc9b771c651","id":"/providers/Microsoft.Flow/flows/0d1fc67e-7de4-491b-9ec9-cdc9b771c651","type":"Microsoft.Flow/flows","properties":{"apiId":"/providers/Microsoft.PowerApps/apis/shared_logicflows","displayName":"Close in pallet","definition":{"metadata":{"workflowEntityId":null,"creator":{"id":"9ebc446f-1172-4f72-8098-9b9115dd707a","type":"User","tenantId":"977a78f9-ccbb-4641-83d5-8256ba909cea"},"provisioningMethod":"FromDefinition","failureAlertSubscription":true,"clientLastModifiedTime":"2020-06-08T07:43:47.3634977Z"},"$schema":"https://schema.management.azure.com/providers/Microsoft.Logic/schemas/2016-06-01/workflowdefinition.json#","contentVersion":"1.0.0.0","parameters":{"$connections":{"defaultValue":{},"type":"Object"},"$authentication":{"defaultValue":{},"type":"SecureObject"}},"triggers":{"manual":{"type":"Request","kind":"PowerApp","inputs":{"schema":{"type":"object","properties":{"Updateitem_Id":{"type":"integer","format":"int64","description":"Unique identifier of item to be updated","x-ms-powerflows-param-ispartial":false}},"required":["Updateitem_Id"]}}}},"actions":{"Update_item":{"runAfter":{},"metadata":{"flowSystemMetadata":{"swaggerOperationId":"PatchItem"}},"type":"ApiConnection","inputs":{"host":{"connection":{"name":"@json(decodeBase64(triggerOutputs().headers['X-MS-APIM-Tokens']))['$connections']['shared_sharepointonline']['connectionId']"},"api":{"runtimeUrl":"https://flow-apim-europe-001-northeurope-01.azure-apim.net/apim/sharepointonline"}},"method":"patch","body":{"Title":"Closed","Closeddate":"@{utcNow()}"},"path":"/datasets/@{encodeURIComponent(encodeURIComponent('https://asweu.sharepoint.com/sites/fs-en-IPXL-eCom-auxo'))}/tables/@{encodeURIComponent(encodeURIComponent('8b998238-a106-4061-bdd3-b47591a98227'))}/items/@{encodeURIComponent(triggerBody()['Updateitem_Id'])}","authentication":{"type":"Raw","value":"@json(decodeBase64(triggerOutputs().headers['X-MS-APIM-Tokens']))['$ConnectionKey']"}}},"Get_items":{"runAfter":{"Update_item":["Succeeded"]},"metadata":{"flowSystemMetadata":{"swaggerOperationId":"GetItems"}},"type":"ApiConnection","inputs":{"host":{"connection":{"name":"@json(decodeBase64(triggerOutputs().headers['X-MS-APIM-Tokens']))['$connections']['shared_sharepointonline']['connectionId']"},"api":{"runtimeUrl":"https://flow-apim-europe-001-northeurope-01.azure-apim.net/apim/sharepointonline"}},"method":"get","path":"/datasets/@{encodeURIComponent(encodeURIComponent('https://asweu.sharepoint.com/sites/fs-en-IPXL-eCom-auxo'))}/tables/@{encodeURIComponent(encodeURIComponent('8b998238-a106-4061-bdd3-b47591a98227'))}/items","queries":{"$filter":"Id eq  @{triggerBody()['Updateitem_Id']}"},"authentication":{"type":"Raw","value":"@json(decodeBase64(triggerOutputs().headers['X-MS-APIM-Tokens']))['$ConnectionKey']"}}},"Get_items_2_content":{"runAfter":{"Get_items":["Succeeded"]},"metadata":{"flowSystemMetadata":{"swaggerOperationId":"GetItems"}},"type":"ApiConnection","inputs":{"host":{"connection":{"name":"@json(decodeBase64(triggerOutputs().headers['X-MS-APIM-Tokens']))['$connections']['shared_sharepointonline']['connectionId']"},"api":{"runtimeUrl":"https://flow-apim-europe-001-northeurope-01.azure-apim.net/apim/sharepointonline"}},"method":"get","path":"/datasets/@{encodeURIComponent(encodeURIComponent('https://asweu.sharepoint.com/sites/fs-en-IPXL-eCom-auxo'))}/tables/@{encodeURIComponent(encodeURIComponent('7942c2c6-56b8-4c57-9dd1-538ea528396e'))}/items","queries":{"$filter":"List_ID eq @{triggerBody()['Updateitem_Id']}"},"authentication":{"type":"Raw","value":"@json(decodeBase64(triggerOutputs().headers['X-MS-APIM-Tokens']))['$ConnectionKey']"}}},"Create_CSV_table":{"runAfter":{"Select":["Succeeded"]},"type":"Table","inputs":{"from":"@body('Select')","format":"CSV"}},"Select":{"runAfter":{"Update_item_2":["Succeeded"]},"type":"Select","inputs":{"from":"@body('pallet_contents')?['value']","select":{"Parcel":"@item()?['Parcelnumber']","Cart":"@item()?['Cart_ID']"}}},"Compose":{"runAfter":{"Create_CSV_table":["Succeeded"]},"type":"Compose","inputs":"@replace(body('Create_CSV_table'),',',';')"},"Apply_to_each":{"foreach":"@body('Get_items')?['value']","actions":{"Apply_to_each_2":{"foreach":"@body('pallet_contents')?['value']","actions":{"Create_file":{"runAfter":{},"metadata":{"flowSystemMetadata":{"swaggerOperationId":"CreateFile"}},"type":"ApiConnection","inputs":{"host":{"connection":{"name":"@json(decodeBase64(triggerOutputs().headers['X-MS-APIM-Tokens']))['$connections']['shared_sharepointonline']['connectionId']"},"api":{"runtimeUrl":"https://flow-apim-europe-001-northeurope-01.azure-apim.net/apim/sharepointonline"}},"method":"post","body":"@outputs('Compose')","path":"/datasets/@{encodeURIComponent(encodeURIComponent('https://asweu.sharepoint.com/sites/fs-en-IPXL-eCom-auxo'))}/files","queries":{"folderPath":"/Shared Documents","name":"@{items('Apply_to_each')?['Carrier']}-(@{variables('qty_parcels')})-@{items('Apply_to_each_2')?['Cart_ID']}.csv","queryParametersSingleEncoded":true},"authentication":{"type":"Raw","value":"@json(decodeBase64(triggerOutputs().headers['X-MS-APIM-Tokens']))['$ConnectionKey']"}}}},"runAfter":{},"type":"Foreach"}},"runAfter":{"Compose":["Succeeded"]},"type":"Foreach"},"pallet_contents":{"runAfter":{"Get_items_2_content":["Succeeded"]},"metadata":{"flowSystemMetadata":{"swaggerOperationId":"GetItems"}},"type":"ApiConnection","inputs":{"host":{"connection":{"name":"@json(decodeBase64(triggerOutputs().headers['X-MS-APIM-Tokens']))['$connections']['shared_sharepointonline']['connectionId']"},"api":{"runtimeUrl":"https://flow-apim-europe-001-northeurope-01.azure-apim.net/apim/sharepointonline"}},"method":"get","path":"/datasets/@{encodeURIComponent(encodeURIComponent('https://asweu.sharepoint.com/sites/fs-en-IPXL-eCom-auxo'))}/tables/@{encodeURIComponent(encodeURIComponent('7942c2c6-56b8-4c57-9dd1-538ea528396e'))}/items","queries":{"$filter":"List_ID eq @{triggerBody()['Updateitem_Id']}"},"authentication":{"type":"Raw","value":"@json(decodeBase64(triggerOutputs().headers['X-MS-APIM-Tokens']))['$ConnectionKey']"}}},"Initialize_variable":{"runAfter":{"pallet_contents":["Succeeded"]},"type":"InitializeVariable","inputs":{"variables":[{"name":"qty_parcels","type":"integer","value":0}]}},"Apply_to_each_3":{"foreach":"@body('pallet_contents')?['value']","actions":{"Increment_variable_output":{"runAfter":{},"type":"IncrementVariable","inputs":{"name":"qty_parcels","value":1}}},"runAfter":{"Initialize_variable":["Succeeded"]},"type":"Foreach"},"Update_item_2":{"runAfter":{"Apply_to_each_3":["Succeeded"]},"metadata":{"flowSystemMetadata":{"swaggerOperationId":"PatchItem"}},"type":"ApiConnection","inputs":{"host":{"connection":{"name":"@json(decodeBase64(triggerOutputs().headers['X-MS-APIM-Tokens']))['$connections']['shared_sharepointonline']['connectionId']"},"api":{"runtimeUrl":"https://flow-apim-europe-001-northeurope-01.azure-apim.net/apim/sharepointonline"}},"method":"patch","body":{"Title":"Closed","Closeddate":"@{utcNow()}","numberofparcels":"@{variables('qty_parcels')}"},"path":"/datasets/@{encodeURIComponent(encodeURIComponent('https://asweu.sharepoint.com/sites/fs-en-IPXL-eCom-auxo'))}/tables/@{encodeURIComponent(encodeURIComponent('8b998238-a106-4061-bdd3-b47591a98227'))}/items/@{encodeURIComponent(triggerBody()['Updateitem_Id'])}","authentication":{"type":"Raw","value":"@json(decodeBase64(triggerOutputs().headers['X-MS-APIM-Tokens']))['$ConnectionKey']"}}}},"outputs":{},"description":"Create one or more actions to happen when a button or link in PowerApps is selected. To use this flow from a PowerApp, select the control you want to trigger the flow and go to the Action tab in the PowerApps ribbon and select Flows."},"connectionReferences":{"shared_sharepointonline":{"connectionName":"a4e72dcf5ccf40ae8518215706b27782","source":"Invoker","id":"/providers/Microsoft.PowerApps/apis/shared_sharepointonline","tier":"NotSpecified"}},"flowFailureAlertSubscribed":false}}