{"name":"67c32e5f-4f72-44be-8122-9212ffb8e326","id":"/providers/Microsoft.Flow/flows/67c32e5f-4f72-44be-8122-9212ffb8e326","type":"Microsoft.Flow/flows","properties":{"apiId":"/providers/Microsoft.PowerApps/apis/shared_logicflows","displayName":"Close outside pallet","definition":{"metadata":{"workflowEntityId":null,"flowclientsuspensionreason":"None","flowclientsuspensiontime":null,"creator":{"id":"9ebc446f-1172-4f72-8098-9b9115dd707a","type":"User","tenantId":"977a78f9-ccbb-4641-83d5-8256ba909cea"},"provisioningMethod":"FromDefinition","failureAlertSubscription":true,"clientLastModifiedTime":"2020-11-04T07:18:00.3186083Z"},"$schema":"https://schema.management.azure.com/providers/Microsoft.Logic/schemas/2016-06-01/workflowdefinition.json#","contentVersion":"1.0.0.0","parameters":{"$connections":{"defaultValue":{},"type":"Object"},"$authentication":{"defaultValue":{},"type":"SecureObject"}},"triggers":{"manual":{"type":"Request","kind":"PowerApp","inputs":{"schema":{"type":"object","properties":{"Updateitem_Id":{"type":"integer","format":"int64","description":"Unique identifier of item to be updated","x-ms-powerflows-param-ispartial":false},"Updateitem_Id_1":{"type":"integer"}},"required":["Updateitem_Id","Updateitem_Id_1"]}}}},"actions":{"Update_item":{"runAfter":{},"metadata":{"flowSystemMetadata":{"swaggerOperationId":"PatchItem"}},"type":"ApiConnection","inputs":{"host":{"connection":{"name":"@json(decodeBase64(triggerOutputs().headers['X-MS-APIM-Tokens']))['$connections']['shared_sharepointonline']['connectionId']"},"api":{"runtimeUrl":"https://flow-apim-europe-001-northeurope-01.azure-apim.net/apim/sharepointonline"}},"method":"patch","body":{"Title":"Closed","Closeddate":"@{utcNow()}"},"path":"/datasets/@{encodeURIComponent(encodeURIComponent('https://asweu.sharepoint.com/sites/fs-en-IPXL-eCom-auxo'))}/tables/@{encodeURIComponent(encodeURIComponent('8b998238-a106-4061-bdd3-b47591a98227'))}/items/@{encodeURIComponent(triggerBody()['Updateitem_Id_1'])}","authentication":{"type":"Raw","value":"@json(decodeBase64(triggerOutputs().headers['X-MS-APIM-Tokens']))['$ConnectionKey']"}}},"Get_items":{"runAfter":{"Update_item":["Succeeded"]},"metadata":{"flowSystemMetadata":{"swaggerOperationId":"GetItems"}},"type":"ApiConnection","inputs":{"host":{"connection":{"name":"@json(decodeBase64(triggerOutputs().headers['X-MS-APIM-Tokens']))['$connections']['shared_sharepointonline']['connectionId']"},"api":{"runtimeUrl":"https://flow-apim-europe-001-northeurope-01.azure-apim.net/apim/sharepointonline"}},"method":"get","path":"/datasets/@{encodeURIComponent(encodeURIComponent('https://asweu.sharepoint.com/sites/fs-en-IPXL-eCom-auxo'))}/tables/@{encodeURIComponent(encodeURIComponent('8b998238-a106-4061-bdd3-b47591a98227'))}/items","queries":{"$filter":"Id eq  @{triggerBody()['Updateitem_Id']}"},"authentication":{"type":"Raw","value":"@json(decodeBase64(triggerOutputs().headers['X-MS-APIM-Tokens']))['$ConnectionKey']"}}},"Get_items_2_content":{"runAfter":{"Get_items":["Succeeded"]},"metadata":{"flowSystemMetadata":{"swaggerOperationId":"GetItems"}},"type":"ApiConnection","inputs":{"host":{"connection":{"name":"@json(decodeBase64(triggerOutputs().headers['X-MS-APIM-Tokens']))['$connections']['shared_sharepointonline']['connectionId']"},"api":{"runtimeUrl":"https://flow-apim-europe-001-northeurope-01.azure-apim.net/apim/sharepointonline"}},"method":"get","path":"/datasets/@{encodeURIComponent(encodeURIComponent('https://asweu.sharepoint.com/sites/fs-en-IPXL-eCom-auxo'))}/tables/@{encodeURIComponent(encodeURIComponent('7942c2c6-56b8-4c57-9dd1-538ea528396e'))}/items","queries":{"$filter":"List_ID eq @{triggerBody()['Updateitem_Id']}"},"authentication":{"type":"Raw","value":"@json(decodeBase64(triggerOutputs().headers['X-MS-APIM-Tokens']))['$ConnectionKey']"}}},"Get_items_2":{"runAfter":{"Get_items_2_content":["Succeeded"]},"metadata":{"flowSystemMetadata":{"swaggerOperationId":"GetItems"}},"type":"ApiConnection","inputs":{"host":{"connection":{"name":"@json(decodeBase64(triggerOutputs().headers['X-MS-APIM-Tokens']))['$connections']['shared_sharepointonline']['connectionId']"},"api":{"runtimeUrl":"https://flow-apim-europe-001-northeurope-01.azure-apim.net/apim/sharepointonline"}},"method":"get","path":"/datasets/@{encodeURIComponent(encodeURIComponent('https://asweu.sharepoint.com/sites/fs-en-IPXL-eCom-auxo'))}/tables/@{encodeURIComponent(encodeURIComponent('7942c2c6-56b8-4c57-9dd1-538ea528396e'))}/items","queries":{"$filter":"List_ID eq @{triggerBody()['Updateitem_Id']}"},"authentication":{"type":"Raw","value":"@json(decodeBase64(triggerOutputs().headers['X-MS-APIM-Tokens']))['$ConnectionKey']"}}},"Create_CSV_table":{"runAfter":{"Select":["Succeeded"]},"type":"Table","inputs":{"from":"@body('Select')","format":"CSV"}},"Select":{"runAfter":{"Get_items_2":["Succeeded"]},"type":"Select","inputs":{"from":"@body('Get_items_2')?['value']","select":{"Parcel":"@item()?['Parcelnumber']","Cart":"@item()?['Cart_ID']"}}},"Compose":{"runAfter":{"Create_CSV_table":["Succeeded"]},"type":"Compose","inputs":"@replace(body('Create_CSV_table'),',',';')"},"Apply_to_each":{"foreach":"@body('Get_items')?['value']","actions":{"Apply_to_each_2":{"foreach":"@body('Get_items_2')?['value']","actions":{"Create_file":{"runAfter":{},"metadata":{"flowSystemMetadata":{"swaggerOperationId":"CreateFile"}},"type":"ApiConnection","inputs":{"host":{"connection":{"name":"@json(decodeBase64(triggerOutputs().headers['X-MS-APIM-Tokens']))['$connections']['shared_sharepointonline']['connectionId']"},"api":{"runtimeUrl":"https://flow-apim-europe-001-northeurope-01.azure-apim.net/apim/sharepointonline"}},"method":"post","body":"@outputs('Compose')","path":"/datasets/@{encodeURIComponent(encodeURIComponent('https://asweu.sharepoint.com/sites/fs-en-IPXL-eCom-auxo'))}/files","queries":{"folderPath":"/Shared Documents","name":"@{items('Apply_to_each')?['Carrier']}-@{items('Apply_to_each_2')?['Cart_ID']}.csv","queryParametersSingleEncoded":true},"authentication":{"type":"Raw","value":"@json(decodeBase64(triggerOutputs().headers['X-MS-APIM-Tokens']))['$ConnectionKey']"}}}},"runAfter":{},"type":"Foreach"}},"runAfter":{"Compose":["Succeeded"]},"type":"Foreach"},"Apply_to_each_3":{"foreach":"@body('Get_items_2')?['value']","actions":{"Apply_to_each_4":{"foreach":"@body('Get_items')?['value']","actions":{"Create_file_2":{"runAfter":{},"metadata":{"flowSystemMetadata":{"swaggerOperationId":"CreateFile"}},"type":"ApiConnection","inputs":{"host":{"connection":{"name":"@json(decodeBase64(triggerOutputs().headers['X-MS-APIM-Tokens']))['$connections']['shared_sharepointonline']['connectionId']"},"api":{"runtimeUrl":"https://flow-apim-europe-001-northeurope-01.azure-apim.net/apim/sharepointonline"}},"method":"post","body":"@items('Apply_to_each_4')?['Carrier']","path":"/datasets/@{encodeURIComponent(encodeURIComponent('https://asweu.sharepoint.com/sites/fs-en-IPXL-eCom-auxo'))}/files","queries":{"folderPath":"/Shared Documents","name":"@items('Apply_to_each_3')?['Cart_ID']","queryParametersSingleEncoded":true},"authentication":{"type":"Raw","value":"@json(decodeBase64(triggerOutputs().headers['X-MS-APIM-Tokens']))['$ConnectionKey']"}},"runtimeConfiguration":{"contentTransfer":{"transferMode":"Chunked"}}}},"runAfter":{},"type":"Foreach"}},"runAfter":{"Apply_to_each":["Succeeded"]},"type":"Foreach"},"Apply_to_each_5":{"foreach":"@body('Get_items')?['value']","actions":{"Apply_to_each_6":{"foreach":"@body('Get_items_2')?['value']","actions":{"Create_file_4":{"runAfter":{},"metadata":{"flowSystemMetadata":{"swaggerOperationId":"CreateFile"}},"type":"ApiConnection","inputs":{"host":{"connection":{"name":"@json(decodeBase64(triggerOutputs().headers['X-MS-APIM-Tokens']))['$connections']['shared_onedriveforbusiness']['connectionId']"},"api":{"runtimeUrl":"https://flow-apim-europe-001-northeurope-01.azure-apim.net/apim/onedriveforbusiness"}},"method":"post","body":"@{items('Apply_to_each_5')?['Carrier']}@{items('Apply_to_each_5')?['numberofparcels']}","path":"/datasets/default/files","queries":{"folderPath":"/Auxo - dump pdf files","name":"@{items('Apply_to_each_6')?['Cart_ID']}.txt"},"authentication":{"type":"Raw","value":"@json(decodeBase64(triggerOutputs().headers['X-MS-APIM-Tokens']))['$ConnectionKey']"}},"runtimeConfiguration":{"contentTransfer":{"transferMode":"Chunked"}}}},"runAfter":{},"type":"Foreach"}},"runAfter":{"Apply_to_each_3":["Succeeded"]},"type":"Foreach"}},"outputs":{},"description":"Create one or more actions to happen when a button or link in PowerApps is selected. To use this flow from a PowerApp, select the control you want to trigger the flow and go to the Action tab in the PowerApps ribbon and select Flows."},"connectionReferences":{"shared_sharepointonline":{"connectionName":"a4e72dcf5ccf40ae8518215706b27782","source":"Invoker","id":"/providers/Microsoft.PowerApps/apis/shared_sharepointonline","tier":"NotSpecified"},"shared_onedriveforbusiness":{"connectionName":"shared-onedriveforbu-2045f9bf-3f56-46f6-95d9-7c0b8b5862b1","source":"Invoker","id":"/providers/Microsoft.PowerApps/apis/shared_onedriveforbusiness","tier":"NotSpecified"}},"flowFailureAlertSubscribed":false}}