{"name":"8851dae4-09ba-4102-9803-7a652dc0bf2c","id":"/providers/Microsoft.Flow/flows/8851dae4-09ba-4102-9803-7a652dc0bf2c","type":"Microsoft.Flow/flows","properties":{"apiId":"/providers/Microsoft.PowerApps/apis/shared_logicflows","displayName":"Update pallet list","definition":{"metadata":{"workflowEntityId":null,"creator":{"id":"9ebc446f-1172-4f72-8098-9b9115dd707a","type":"User","tenantId":"977a78f9-ccbb-4641-83d5-8256ba909cea"},"provisioningMethod":"FromDefinition","failureAlertSubscription":true,"clientLastModifiedTime":"2020-06-03T17:01:36.6215985Z"},"$schema":"https://schema.management.azure.com/providers/Microsoft.Logic/schemas/2016-06-01/workflowdefinition.json#","contentVersion":"1.0.0.0","parameters":{"$connections":{"defaultValue":{},"type":"Object"},"$authentication":{"defaultValue":{},"type":"SecureObject"}},"triggers":{"manual":{"type":"Request","kind":"PowerApp","inputs":{"schema":{"type":"object","properties":{"CreateitemTitle":{"type":"string","format":"","x-ms-powerflows-param-ispartial":false},"SendanemailTo":{"type":"string","format":"email","description":"Specify email addresses separated by semicolons like someone@contoso.com","x-ms-powerflows-param-ispartial":false},"Updateitem_Id":{"type":"integer","format":"int64","description":"Unique identifier of item to be updated","x-ms-powerflows-param-ispartial":false}},"required":["CreateitemTitle","SendanemailTo","Updateitem_Id"]}}}},"actions":{"Update_item":{"runAfter":{},"metadata":{"flowSystemMetadata":{"swaggerOperationId":"PatchItem"}},"type":"ApiConnection","inputs":{"host":{"connection":{"name":"@json(decodeBase64(triggerOutputs().headers['X-MS-APIM-Tokens']))['$connections']['shared_sharepointonline']['connectionId']"},"api":{"runtimeUrl":"https://flow-apim-europe-001-northeurope-01.azure-apim.net/apim/sharepointonline"}},"method":"patch","body":{"Title":"Closed"},"path":"/datasets/@{encodeURIComponent(encodeURIComponent('https://asweu.sharepoint.com/sites/fs-en-IPXL-eCom-auxo'))}/tables/@{encodeURIComponent(encodeURIComponent('8b998238-a106-4061-bdd3-b47591a98227'))}/items/@{encodeURIComponent(triggerBody()['Updateitem_Id'])}","authentication":{"type":"Raw","value":"@json(decodeBase64(triggerOutputs().headers['X-MS-APIM-Tokens']))['$ConnectionKey']"}}}},"outputs":{},"description":"Add a new items into a SharePoint list and then send an email when a button or link in PowerApps is selected."},"connectionReferences":{"shared_sharepointonline":{"connectionName":"a4e72dcf5ccf40ae8518215706b27782","source":"Invoker","id":"/providers/Microsoft.PowerApps/apis/shared_sharepointonline","tier":"NotSpecified"}},"flowFailureAlertSubscribed":false}}